state,ipm_region,allocated_vehicle_proxy,state_vehicle_total,weight
AL,S_SOU,2882248.521997644,3868796.4017290585,0.7449987600044028
AL,S_C_TVA,986537.0217099546,3868796.4017290585,0.25499843343243583
AL,MIS_D_MS,10.85802145950427,3868796.4017290585,2.8065631612590308e-06
AR,MIS_AR,1313550.2384244155,2249150.0,0.5840207360222375
AR,SPP_WEST,935391.4271649452,2249150.0,0.41588663591354297
AR,S_D_AECI,82.0109541476526,2249150.0,3.64630878988296e-05
AR,S_C_TVA,56.237092994955304,2249150.0,2.5003709399086458e-05
AR,SPP_N,30.60334577125316,2249150.0,1.3606627290866843e-05
AR,MIS_D_MS,21.8958794581512,2249150.0,9.735179715959896e-06
AR,MIS_LA,17.587138267381377,2249150.0,7.819459914803982e-06
AZ,WECC_AZ,5266456.263444045,5266569.712592577,0.9999784586258754
AZ,WECC_IID,38.11971161559822,5266569.712592577,7.238053172343372e-06
AZ,WECC_SNV,36.293749852867705,5266569.712592577,6.891345189277171e-06
AZ,WECC_UT,27.180239039952387,5266569.712592577,5.16089988801693e-06
AZ,WECC_SCE,6.673686191019562,5266569.712592577,1.2671789333885612e-06
AZ,WECC_NM,5.149601745040278,5266569.712592577,9.777904833818826e-07
AZ,WECC_NNV,0.03216008773470626,5266569.712592577,6.106458186209938e-09
CA,WEC_CALN,9152448.19785868,26208786.27559913,0.34921297390943207
CA,WECC_SCE,7104068.376275368,26208786.27559913,0.2710567479765131
CA,WEC_LADW,6203275.658456734,26208786.27559913,0.236686872609286
CA,WEC_SDGE,2268591.35676949,26208786.27559913,0.08655842864732699
CA,WEC_BANC,1318483.5051866365,26208786.27559913,0.050306927277062395
CA,WECC_IID,97394.99170451514,26208786.27559913,0.00371611987981266
CA,WECC_PNW,64221.019569638265,26208786.27559913,0.0024503622141949107
CA,WECC_AZ,285.6790407610441,26208786.27559913,1.0900124780940987e-05
CA,WECC_NNV,9.849753374262677,26208786.27559913,3.7581875294366385e-07
CA,WECC_SNV,7.640983931232518,26208786.27559913,2.91542837996524e-07
CO,WECC_CO,4607584.010345904,4607635.0,0.9999889336603061
CO,WECC_WY,44.44683020146144,4607635.0,9.646343558346404e-06
CO,WECC_UT,2.892445176769397,4607635.0,6.277505003693646e-07
CO,WECC_NM,1.3121600810516731,4607635.0,2.8477951943929436e-07
CO,SPP_NEBR,0.9926995562513556,4607635.0,2.1544665674502335e-07
CO,SPP_N,0.9320973664840387,4607635.0,2.0229409805334813e-07
CO,SPP_SPS,0.41342171420865165,4607635.0,8.972536110361425e-08
CT,NENGREST,0.0,0.0,
CT,NENG_CT,0.0,0.0,
CT,NY_Z_G-I,0.0,0.0,
DC,PJM_SMAC,253445.19182048365,254263.98159140558,0.996779765007229
DC,PJM_Dom,818.7897709219324,254263.98159140558,0.0032202349927710266
DE,PJM_EMAC,707249.1686680262,707249.1686680262,1.0
FL,FRCC,13518950.741592992,14262527.369715504,0.9478650165677232
FL,S_SOU,743576.6281225132,14262527.369715504,0.05213498343227687
GA,S_SOU,7222042.341323409,7624259.454518468,0.9472450910682627
GA,S_C_TVA,293343.85404020076,7624259.454518468,0.0384750618456921
GA,S_VACA,108727.2595950656,7624259.454518468,0.01426069774299576
GA,FRCC,145.99955979299423,7624259.454518468,1.9149343049503456e-05
IA,MIS_MIDA,1532389.3399898827,2591490.0000000005,0.5913159379314149
IA,MIS_IA,1029607.1724852384,2591490.0000000005,0.3973031624606841
IA,MIS_MO,29251.756653331708,2591490.0000000005,0.011287620887339601
IA,SPP_NEBR,80.48286531387798,2591490.0000000005,3.105659883460016e-05
IA,SPP_WAUE,70.93841667974506,2591490.0000000005,2.737360232134604e-05
IA,PJM_COMD,55.7182394597735,2591490.0000000005,2.1500464775003373e-05
IA,MIS_WUMS,10.573239983833863,2591490.0000000005,4.07998486732878e-06
IA,MIS_MNWI,9.97215096429423,2591490.0000000005,3.8480376016477885e-06
IA,MIS_IL,9.431697007949515,2591490.0000000005,3.6394880967896897e-06
IA,S_D_AECI,4.6142621381296545,2591490.0000000005,1.780544064661509e-06
ID,WECC_ID,1223738.1717525057,1530014.1320181834,0.7998214827848154
ID,WECC_PNW,306208.86669250956,1530014.1320181834,0.2001346656116183
ID,WECC_MT,53.79394623764629,1530014.1320181834,3.515911723422368e-05
ID,WECC_WY,8.688095574775497,1530014.1320181834,5.678441390155894e-06
ID,WECC_NNV,2.8096364924349824,1530014.1320181834,1.8363467589210421e-06
ID,WECC_UT,1.8018948633154297,1530014.1320181834,1.1776981830479036e-06
IL,PJM_COMD,6446192.31055004,8433819.880621646,0.7643265331479784
IL,MIS_IL,1976092.0615563286,8433819.880621646,0.23430569890362343
IL,S_C_TVA,10128.732112143613,8433819.880621646,0.0012009661405523208
IL,MIS_INKY,1162.3660502546777,8433819.880621646,0.00013782201501901192
IL,MIS_WUMS,141.84196805320377,8433819.880621646,1.6818235397594094e-05
IL,MIS_MO,52.792122171567414,8433819.880621646,6.259574299525611e-06
IL,MIS_MIDA,34.993213264959216,8433819.880621646,4.149153498684859e-06
IL,MIS_IA,10.720465741588377,8433819.880621646,1.2711281356886396e-06
IL,S_D_AECI,3.562415028304826,8433819.880621646,4.2239638488013874e-07
IL,SPP_WEST,0.5001686186754595,8433819.880621646,5.9305110348004336e-08
IN,MIS_INKY,4071748.095487988,5116896.854807534,0.7957455878092234
IN,PJM_West,1044341.482527357,5116896.854807534,0.2040966453224781
IN,MIS_IL,558.205475227723,5116896.854807534,0.00010909062485855388
IN,S_C_KY,182.34640251548964,5116896.854807534,3.5636130195621925e-05
IN,PJM_COMD,53.08881859845914,5116896.854807534,1.0375198114181259e-05
IN,MIS_LMI,9.285770105062607,5116896.854807534,1.8147268488201487e-06
IN,PJM_ATSI,4.350325742250242,5116896.854807534,8.501882812359083e-07
KS,SPP_N,2319304.2769337865,2323356.9999990514,0.9982556606387797
KS,SPP_NEBR,4042.9394642050884,2323356.9999990514,0.001740128385007874
KS,SPP_WEST,6.198395213414952,2323356.9999990514,2.667861724830701e-06
KS,SPP_SPS,2.618638675028742,2323356.9999990514,1.1270926831433186e-06
KS,WECC_CO,0.9665671712802533,2323356.9999990514,4.160218043463178e-07
KY,S_C_KY,1612806.6738130457,3395605.9999604733,0.4749687313050512
KY,PJM_West,1009128.2127827586,3395605.9999604733,0.2971864853562237
KY,S_C_TVA,482532.69011164666,3395605.9999604733,0.14210502929882432
KY,MIS_INKY,291108.6206739567,3395605.9999604733,0.08573097723273707
KY,MIS_IL,27.53080923004831,3395605.9999604733,8.107774939250543e-06
KY,S_D_AECI,2.2717698353023357,3395605.9999604733,6.690322243890428e-07
LA,MIS_LA,1451236.4465430274,2985706.955113974,0.48606124725580413
LA,MIS_AMSO,1139431.092506306,2985706.955113974,0.3816285756224895
LA,MIS_WOTA,217336.83042445657,2985706.955113974,0.07279241857684594
LA,SPP_WEST,177140.74297907058,2985706.955113974,0.05932958111500549
LA,MIS_D_MS,418.301923943428,2985706.955113974,0.0001401014668324876
LA,ERC_REST,141.74289082858118,2985706.955113974,4.7473812051715704e-05
LA,MIS_AR,1.7978463414989196,2985706.955113974,6.021509707841673e-07
MA,NENGREST,4414047.2867772505,4414151.6313539855,0.9999763613519767
MA,NENG_CT,93.02189855969047,4414151.6313539855,2.107356210850355e-05
MA,NY_Z_F,11.322678167408002,4414151.6313539855,2.565085912994546e-06
MA,NY_Z_G-I,7.575094390593104e-09,4414151.6313539855,1.7160929263930924e-15
MD,PJM_SMAC,3165726.531583534,4108336.8433456793,0.7705615805848778
MD,PJM_EMAC,536493.2545667627,4108336.8433456793,0.1305864818352777
MD,PJM_AP,405287.89824752253,4108336.8433456793,0.09865011407328297
MD,PJM_Dom,686.3350306339493,4108336.8433456793,0.00016705909393617858
MD,PJM_WMAC,132.588259997615,4108336.8433456793,3.227297688902256e-05
MD,PJM_PENE,10.235657228113103,4108336.8433456793,2.4914357362619657e-06
ME,NENG_ME,1021842.9934532081,1021926.305360465,0.9999184756211678
ME,NENGREST,83.31190725680142,1021926.305360465,8.152437883220428e-05
MI,MIS_LMI,6806171.3137293365,7233426.743772017,0.9409331918083573
MI,MIS_WUMS,215405.553161045,7233426.743772017,0.029779184996448507
MI,PJM_West,200271.29024311516,7233426.743772017,0.027686917603133094
MI,MIS_MNWI,11551.68411674433,7233426.743772017,0.001596986397448531
MI,PJM_ATSI,19.41166915034488,7233426.743772017,2.6836062405772388e-06
MI,MIS_INKY,7.490852625133067,7233426.743772017,1.0355883719404077e-06
MN,MIS_MNWI,4270117.255944287,4354482.559814846,0.9806256420339996
MN,SPP_WAUE,48761.11078493322,4354482.559814846,0.011197911603762756
MN,MIS_IA,35440.54309610457,4354482.559814846,0.008138864402206151
MN,MIS_MAPP,163.2653900323104,4354482.559814846,3.749363737014312e-05
MN,MIS_MIDA,0.3845994888307561,4354482.559814846,8.832266142940056e-08
MO,MIS_MO,2357466.7502041166,4658797.999204011,0.506024676452361
MO,SPP_N,1821837.52545225,4658797.999204011,0.39105312695753797
MO,S_D_AECI,379639.2518848406,4658797.999204011,0.0814886698134808
MO,SPP_WEST,99028.74815829615,4658797.999204011,0.021256287174334653
MO,MIS_IL,702.0085319744427,4658797.999204011,0.0001506844752861974
MO,MIS_AR,78.97650738023118,4658797.999204011,1.6952120996386812e-05
MO,SPP_NEBR,36.06984450110994,4658797.999204011,7.742307030112217e-06
MO,S_C_TVA,4.4704831474262,4658797.999204011,9.595786613177935e-07
MO,MIS_IA,3.590639126608179,4658797.999204011,7.707222178814504e-07
MO,MIS_MIDA,0.6074983781710535,4658797.999204011,1.3039809373036757e-07
MS,MIS_D_MS,1170205.1480827788,2169399.246198208,0.5394143794110374
MS,S_C_TVA,686937.8282458965,2169399.246198208,0.3166488738528556
MS,S_SOU,311949.99470533646,2169399.246198208,0.14379556702253737
MS,MIS_AMSO,134.58293029692283,2169399.246198208,6.203695817299394e-05
MS,MIS_LA,112.69182309161738,2169399.246198208,5.1946096731205945e-05
MS,MIS_AR,59.000410807718886,2169399.246198208,2.719665866534937e-05
MT,WECC_MT,901557.6278135777,967791.3272005296,0.9315620035792818
MT,MIS_MAPP,58244.61988559853,967791.3272005296,0.060183035586895736
MT,SPP_WAUE,7819.952034176904,967791.3272005296,0.008080204703628826
MT,WECC_ID,143.34801988128075,967791.3272005296,0.00014811872751116167
MT,WECC_PNW,23.282364832009357,967791.3272005296,2.405721582498246e-05
MT,WECC_WY,2.4970824632025996,967791.3272005296,2.58018685745589e-06
NC,S_VACA,7711404.978287279,8123413.703359545,0.9492813317014897
NC,PJM_Dom,235767.8803377275,8123413.703359545,0.029023251670688956
NC,S_C_TVA,176191.60334685343,8123413.703359545,0.021689354965879315
NC,PJM_West,48.04604169743659,8123413.703359545,5.914513707158176e-06
NC,S_SOU,1.195345988550498,8123413.703359545,1.4714823499093084e-07
ND,MIS_MAPP,455805.3141761089,660092.2577132056,0.6905175887915739
ND,SPP_WAUE,204133.9294940438,660092.2577132056,0.30925060415226857
ND,MIS_MNWI,153.01404305288114,660092.2577132056,0.00023180705615753804
NE,SPP_NEBR,1572077.5745250608,1575349.0001285519,0.9979233645349544
NE,WECC_WY,3205.792492022899,1575349.0001285519,0.0020349728801435743
NE,MIS_MIDA,42.3061386052361,1575349.0001285519,2.6855089635238813e-05
NE,SPP_N,12.284160167675042,1575349.0001285519,7.79773889257087e-06
NE,SPP_WAUE,8.427266269565404,1575349.0001285519,5.349459877701843e-06
NE,WECC_CO,1.4396396922556554,1575349.0001285519,9.138544488479553e-07
NE,S_D_AECI,1.1759067332541016,1575349.0001285519,7.464420475451123e-07
NH,NENGREST,1066910.2515546398,1067005.9767323942,0.9999102861841059
NH,NENG_ME,95.72517775437612,1067005.9767323942,8.971381589400793e-05
NJ,PJM_EMAC,5679635.394999474,5679832.8587731,0.9999652342280951
NJ,NY_Z_G-I,100.45927812049705,5679832.8587731,1.7687013089712157e-05
NJ,PJM_WMAC,95.9895339966357,5679832.8587731,1.6900063150338966e-05
NJ,NY_Z_J,1.01496150957901,5679832.8587731,1.7869566496332636e-07
NM,WECC_NM,1395317.0065552732,1598079.2015603348,0.8731213103786793
NM,SPP_SPS,202731.5760146018,1598079.2015603348,0.12685952975087747
NM,WECC_CO,16.805974272805788,1598079.2015603348,1.051635879898615e-05
NM,ERC_PHDL,5.584529977927005,1598079.2015603348,3.494526411753794e-06
NM,ERC_WEST,4.460715835308291,1598079.2015603348,2.791298348012371e-06
NM,WECC_AZ,3.7677703736121053,1598079.2015603348,2.3576868843129454e-06
NV,WECC_SNV,1489414.5389013365,2179297.0000000005,0.6834380714979813
NV,WECC_NNV,689246.7768458104,2179297.0000000005,0.31627023615680205
NV,WECC_AZ,553.4090225848197,2179297.0000000005,0.00025393923938995904
NV,WECC_SCE,38.07517572998287,2179297.0000000005,1.7471311037450545e-05
NV,WECC_PNW,19.89123551216136,2179297.0000000005,9.127363325036172e-06
NV,WEC_CALN,18.449774258370898,2179297.0000000005,8.465929269104162e-06
NV,WEC_LADW,4.168650635802418,2179297.0000000005,1.912841909938121e-06
NV,WECC_ID,1.00381169378808,2179297.0000000005,4.6061261672368653e-07
NV,WECC_UT,0.6865824387597057,2179297.0000000005,3.150476684727715e-07
NY,NY_Z_J,1736017.6948611746,8910904.306355983,0.19481947456476503
NY,NY_Z_K,1607471.0835794155,8910904.306355983,0.1803937095848775
NY,NY_Z_G-I,1426071.9174364286,8910904.306355983,0.16003672224593837
NY,NY_Z_C&E,1413646.8929490056,8910904.306355983,0.15864236045500762
NY,NY_Z_A,946561.1599596214,8910904.306355983,0.10622503927962247
NY,NY_Z_F,902859.6557837031,8910904.306355983,0.10132076664090198
NY,NY_Z_B,719896.3722517296,8910904.306355983,0.08078825083311027
NY,NY_Z_D,157826.0052814767,8910904.306355983,0.017711558766140306
NY,PJM_EMAC,262.56950820697483,8910904.306355983,2.9466089992649663e-05
NY,NENG_CT,205.41138735352922,8910904.306355983,2.3051688166712e-05
NY,NENGREST,47.179199592568246,8910904.306355983,5.2945467677075374e-06
NY,PJM_PENE,22.262276015949,8910904.306355983,2.498318380556475e-06
NY,PJM_WMAC,11.701188740579465,8910904.306355983,1.313131455382505e-06
NY,PJM_AP,4.400693518045431,8910904.306355983,4.93854873394443e-07
OH,PJM_West,4662525.741747382,8800852.94148755,0.5297811215283533
OH,PJM_ATSI,4138195.2627840163,8800852.94148755,0.4702038870887626
OH,MIS_LMI,81.88401539709278,8800852.94148755,9.30409994820939e-06
OH,PJM_AP,25.133710107890305,8800852.94148755,2.8558266198732913e-06
OH,S_C_KY,20.76071796492495,8800852.94148755,2.358943854982299e-06
OH,MIS_INKY,3.385352313406138,8800852.94148755,3.846618431092582e-07
OH,PJM_PENE,0.7731603697397381,8800852.94148755,8.785061798897141e-08
OK,SPP_WEST,2945700.504378931,2965947.0000000005,0.9931736825974742
OK,SPP_SPS,19992.499521328835,2965947.0000000005,0.00674067996539683
OK,ERC_REST,181.5317639705785,2965947.0000000005,6.120532968747537e-05
OK,ERC_WEST,56.256797624758,2965947.0000000005,1.896756672481268e-05
OK,SPP_N,16.070698597672973,2965947.0000000005,5.418403834482872e-06
OK,WECC_CO,0.09529869226586911,2965947.0000000005,3.213094915919573e-08
OK,WECC_NM,0.041540855182813856,2965947.0000000005,1.400593307392676e-08
OR,WECC_PNW,3251943.0334345647,3251955.2557771346,0.9999962415403632
OR,WECC_ID,11.83234026029964,3251955.2557771346,3.6385310773508817e-06
OR,WECC_NNV,0.390002309471371,3251955.2557771346,1.1992855952692694e-07
PA,PJM_EMAC,3318234.7746340875,8955780.04971985,0.3705132055736325
PA,PJM_WMAC,2476875.785007764,8955780.04971985,0.27656728629520605
PA,PJM_AP,1604507.366077616,8955780.04971985,0.17915886245194326
PA,PJM_PENE,1226415.4319279897,8955780.04971985,0.13694121842199036
PA,PJM_ATSI,329696.1955611005,8955780.04971985,0.0368137888303112
PA,NY_Z_C&E,21.931809436338874,8955780.04971985,2.448899963440363e-06
PA,NY_Z_A,10.56086892600907,8955780.04971985,1.179223793726313e-06
PA,NY_Z_G-I,10.455399397320893,8955780.04971985,1.1674470944212117e-06
PA,PJM_West,6.028184015898606,8955780.04971985,6.731054115255072e-07
PA,NY_Z_B,1.5202495160274745,8955780.04971985,1.6975065349835497e-07
RI,NENGREST,732738.5956089003,732882.3513156868,0.9998038488626061
RI,NENG_CT,143.75570678647733,732882.3513156868,0.00019615113739388575
SC,S_VACA,3897306.875236283,3897922.1529057133,0.9998421523967657
SC,S_SOU,615.2776694302563,3897922.1529057133,0.00015784760323435306
SD,SPP_WAUE,414677.00406696706,750269.9999999994,0.5527036987577371
SD,MIS_MNWI,185538.59039694967,750269.9999999994,0.24729576072207315
SD,WECC_WY,138089.8907383927,750269.9999999994,0.18405359502364857
SD,MIS_MAPP,11752.756334305242,750269.9999999994,0.015664702486178645
SD,MIS_MIDA,122.15084895237541,750269.9999999994,0.00016280918729574088
SD,MIS_IA,78.96795621129665,750269.9999999994,0.0001052527173034997
SD,SPP_NEBR,10.639658221108087,750269.9999999994,1.4181105763402636e-05
TN,S_C_TVA,5456075.524507338,5473271.9999947455,0.9968580995997598
TN,PJM_West,15144.236065531108,5473271.9999947455,0.0027669438072044743
TN,MIS_AR,1933.6824967508035,5473271.9999947455,0.00035329552354654764
TN,S_VACA,112.37567096525106,5473271.9999947455,2.0531716853348224e-05
TN,S_D_AECI,3.1125806076175464,5473271.9999947455,5.686873606172934e-07
TN,S_SOU,3.06867355238413,5473271.9999947455,5.606652752479826e-07
TX,ERC_REST,17109267.56351744,20258067.54859656,0.844565629099343
TX,MIS_WOTA,926162.3745387819,20258067.54859656,0.04571819954282582
TX,ERC_WEST,788376.6734667709,20258067.54859656,0.038916677100397375
TX,WECC_NM,574064.8912672665,20258067.54859656,0.028337593893897176
TX,SPP_SPS,451079.71562969085,20258067.54859656,0.022266670527561785
TX,SPP_WEST,241200.2265510496,20258067.54859656,0.011906378827715947
TX,ERC_PHDL,167816.6603548662,20258067.54859656,0.00828394218512181
TX,MIS_LA,99.44327069424807,20258067.54859656,4.908823137038918e-06
UT,WECC_UT,2416508.254741938,2416539.000000001,0.9999872771521324
UT,WECC_ID,14.191992470338937,2416539.000000001,5.872858857373678e-06
UT,WECC_NNV,6.266018916842524,2416539.000000001,2.592972394338565e-06
UT,WECC_WY,5.271867648045399,2416539.000000001,2.1815777225384723e-06
UT,WECC_AZ,3.557263903190322,2416539.000000001,1.4720490350829516e-06
UT,WECC_CO,1.4581151242111656,2416539.000000001,6.033898580619494e-07
UT,WECC_NM,6.767036408081481e-11,2416539.000000001,2.800300929586271e-17
VA,PJM_Dom,5135928.748807472,6374152.92082586,0.8057429453923488
VA,PJM_West,886580.5133021722,6374152.92082586,0.13908993466496616
VA,PJM_AP,276637.2998875458,6374152.92082586,0.04339985301948225
VA,S_C_TVA,45807.560566166896,6374152.92082586,0.0071864545979910205
VA,PJM_EMAC,26608.000053101416,6374152.92082586,0.004174358598484013
VA,S_C_KY,2265.7944126483367,6374152.92082586,0.00035546596399428263
VA,PJM_SMAC,261.7392029306899,6374152.92082586,4.106258606936244e-05
VA,S_VACA,63.26459382347928,6374152.92082586,9.925176664146061e-06
VT,NENGREST,476878.44842482003,476914.8429611773,0.999923687557864
VT,NY_Z_F,31.524684586720525,476914.8429611773,6.61012863239544e-05
VT,NY_Z_D,4.86985177051325,476914.8429611773,1.0211155811960491e-05
WA,WECC_PNW,5887817.3307841625,5887817.3307841625,1.0
WI,MIS_WUMS,3836886.922484231,4532164.060715958,0.8465904744582676
WI,MIS_MNWI,694919.0247467128,4532164.060715958,0.15333050953961597
WI,PJM_COMD,351.1832499901316,4532164.060715958,7.748687939921008e-05
WI,MIS_IA,6.930235023428436,4532164.060715958,1.5291227172243295e-06
WV,PJM_West,672654.3613248436,1295367.9999921895,0.5192766544556446
WV,PJM_AP,622642.1335320226,1295367.9999921895,0.48066814491
WV,PJM_ATSI,39.17813665025881,1295367.9999921895,3.024479271565689e-05
WV,PJM_Dom,32.326998673087765,1295367.9999921895,2.495584163981408e-05
WY,WECC_WY,520470.4925765978,520498.99999999994,0.9999452305894878
WY,WECC_MT,9.742726085868256,520498.99999999994,1.87180495752504e-05
WY,WECC_CO,8.844600387641476,520498.99999999994,1.6992540595930975e-05
WY,MIS_MAPP,6.173818571352837,520498.99999999994,1.1861345692024072e-05
WY,WECC_ID,1.7649330209159242,520498.99999999994,3.3908480533409756e-06
WY,WECC_UT,1.2826667454183471,520498.99999999994,2.4643020359661543e-06
WY,SPP_NEBR,0.6103747297720412,520498.99999999994,1.1726722429284998e-06
WY,SPP_WAUE,0.08830386116372557,520498.99999999994,1.6965231664945674e-07
